id,first_name,last_name,email,gender
1,Ines,Beekmann,ibeekmann0@adobe.com,Female
2,Isacco,Jahncke,ijahncke1@youtube.com,Male
3,Rich,Newick,rnewick2@soundcloud.com,Male
4,Laurie,Wingatt,lwingatt3@utexas.edu,Female
5,Carie,Sedman,csedman4@dailymotion.com,Female
6,Jennifer,Cumbridge,jcumbridge5@msn.com,Female
7,Durand,Simenel,dsimenel6@google.fr,Male
8,Shayla,Hathway,shathway7@mayoclinic.com,Female
9,Caril,Rosenau,crosenau8@indiegogo.com,Female
10,Ario,McParland,amcparland9@acquirethisname.com,Male
11,Pattie,Blanko,pblankoa@admin.ch,Male
12,Efren,Please,epleaseb@ucoz.com,Male
13,Estevan,Blanden,eblandenc@merriam-webster.com,Male
14,Shelley,Cowndley,scowndleyd@purevolume.com,Female
15,Fritz,Meegan,fmeegane@squarespace.com,Male
16,Will,Halford,whalfordf@blogtalkradio.com,Male
17,Heddie,Bernardotte,hbernardotteg@nymag.com,Female
18,Delmor,Egger,deggerh@miitbeian.gov.cn,Male
19,Rebeca,Le Grand,rlegrandi@biblegateway.com,Female
20,Mae,Kohrs,mkohrsj@businessweek.com,Female
21,Klement,Ovenell,kovenellk@fotki.com,Male
22,Evelyn,Alexsandrowicz,ealexsandrowiczl@ted.com,Male
23,Roxana,Kinman,rkinmanm@un.org,Female
24,Kati,Mc Caghan,kmccaghann@infoseek.co.jp,Female
25,Jess,Matzkaitis,jmatzkaitiso@webs.com,Male
26,Arlee,Dilger,adilgerp@microsoft.com,Female
27,Gardie,Hamlet,ghamletq@bandcamp.com,Male
28,Graig,McWhorter,gmcwhorterr@dot.gov,Male
29,Wini,Alyukin,walyukins@behance.net,Female
30,Chaddy,Beggs,cbeggst@wix.com,Male
31,Arv,Castagneri,acastagneriu@abc.net.au,Male
32,Brenn,Cheatle,bcheatlev@who.int,Female
33,Leif,Barnish,lbarnishw@tripadvisor.com,Male
34,Daisy,Syrad,dsyradx@taobao.com,Female
35,Denny,Yaldren,dyaldreny@constantcontact.com,Male
36,Ulises,Stanworth,ustanworthz@yahoo.co.jp,Male
37,Janie,Cassimer,jcassimer10@yandex.ru,Female
38,Anderson,Chetwynd,achetwynd11@home.pl,Male
39,Hamish,Shimoni,hshimoni12@spiegel.de,Male
40,Selena,Alejandri,salejandri13@xing.com,Female
41,Sara-ann,Clotworthy,sclotworthy14@google.es,Female
42,Jacky,Spalding,jspalding15@google.it,Female
43,Walt,Argue,wargue16@disqus.com,Male
44,Lionello,Heeron,lheeron17@shinystat.com,Male
45,Tobie,Fursland,tfursland18@ameblo.jp,Male
46,Lorens,Suche,lsuche19@accuweather.com,Male
47,Christophorus,Clissold,cclissold1a@sciencedaily.com,Male
48,Mattie,Buston,mbuston1b@yolasite.com,Male
49,Quent,Fabbri,qfabbri1c@geocities.com,Male
50,Maggee,Liverseege,mliverseege1d@newsvine.com,Female
51,Bee,Draayer,bdraayer1e@studiopress.com,Female
52,Lorettalorna,Brigge,lbrigge1f@skyrock.com,Female
53,Dunn,Mordue,dmordue1g@lycos.com,Male
54,Isidro,Villiers,ivilliers1h@imgur.com,Male
55,Ebba,Spurdens,espurdens1i@yellowpages.com,Female
56,Gilbertina,Woolgar,gwoolgar1j@rediff.com,Female
57,Dulcea,Jefferson,djefferson1k@yellowpages.com,Female
58,Amata,Flea,aflea1l@icq.com,Female
59,Florencia,Zettler,fzettler1m@nyu.edu,Female
60,Cobby,Bromhead,cbromhead1n@flavors.me,Male
61,Marcile,McDonnell,mmcdonnell1o@cloudflare.com,Female
62,Joceline,Easman,jeasman1p@theatlantic.com,Female
63,Netti,Mulloch,nmulloch1q@discovery.com,Female
64,Kenton,Trundler,ktrundler1r@typepad.com,Male
65,Engracia,Maunder,emaunder1s@gmpg.org,Female
66,Evaleen,Butterwick,ebutterwick1t@artisteer.com,Female
67,Golda,Blakeslee,gblakeslee1u@multiply.com,Female
68,Merle,Petticrew,mpetticrew1v@wikia.com,Male
69,Morgan,Macek,mmacek1w@tripadvisor.com,Female
70,Gennie,Laherty,glaherty1x@businessinsider.com,Female
71,Andreana,Bissill,abissill1y@hp.com,Female
72,Stormi,Connachan,sconnachan1z@hostgator.com,Female
73,Georges,Davidovsky,gdavidovsky20@economist.com,Male
74,Kort,Desesquelle,kdesesquelle21@nyu.edu,Male
75,Vanny,Chestney,vchestney22@weather.com,Female
76,Ray,Tindley,rtindley23@ovh.net,Female
77,Merci,Verlinde,mverlinde24@google.com.br,Female
78,Fedora,Westmerland,fwestmerland25@google.co.uk,Female
79,Barney,Lindner,blindner26@stanford.edu,Male
80,Bobinette,Allsep,ballsep27@amazonaws.com,Female
81,Karrie,De Michetti,kdemichetti28@webnode.com,Female
82,Iris,Mavin,imavin29@a8.net,Female
83,Kimmie,Pottes,kpottes2a@barnesandnoble.com,Female
84,Emlyn,Foresight,eforesight2b@woothemes.com,Male
85,Pauletta,Lowell,plowell2c@geocities.jp,Female
86,Vanna,Keeri,vkeeri2d@engadget.com,Female
87,Berry,Got,bgot2e@newyorker.com,Female
88,Archie,Cominoli,acominoli2f@photobucket.com,Male
89,Dick,Spellacy,dspellacy2g@nba.com,Male
90,Lise,Feldstein,lfeldstein2h@jugem.jp,Female
91,Shaine,Rotchell,srotchell2i@xrea.com,Female
92,Bordy,Verbruggen,bverbruggen2j@shinystat.com,Male
93,Renard,Lecky,rlecky2k@timesonline.co.uk,Male
94,Nelly,Buckwell,nbuckwell2l@bloomberg.com,Female
95,Charin,Lindholm,clindholm2m@odnoklassniki.ru,Female
96,Darryl,Witherup,dwitherup2n@free.fr,Female
97,Cullin,Giorgiutti,cgiorgiutti2o@cornell.edu,Male
98,Andy,Gravenor,agravenor2p@whitehouse.gov,Male
99,Rolland,Newlan,rnewlan2q@shareasale.com,Male
100,Clyve,Pettiford,cpettiford2r@yelp.com,Male